Title,Special Offer,Departing From,Duration,Sailing To,Price From (INR),Guests,Number of Dates,Theme Banner,Holiday Cruise
4-Night Langkawi Cruise from Singapore,,Singapore,4 Nights,"Langkawi, Malaysia","₹1,47,692",2 Guests,27,,No
3-Night Baja Cruise from San Diego,Guaranteed with Restrictions,San Diego,3 Nights,"Ensenada, Mexico","₹1,18,303",2 Guests,21,,No
4-Night Baja Cruise from San Diego,Guaranteed with Restrictions,San Diego,4 Nights,"Ensenada, Mexico","₹1,24,776",2 Guests,9,,No
3-Night Baja Cruise from San Diego,Guaranteed with Restrictions,San Diego,3 Nights,"Ensenada, Mexico","₹1,29,140",2 Guests,4,Very Merrytime,Yes
3-Night Baja Cruise from San Diego,Guaranteed with Restrictions,San Diego,3 Nights,"Catalina Island, California | Ensenada, Mexico","₹1,31,479",2 Guests,3,,No
4-Night Baja Cruise from San Diego,Guaranteed with Restrictions,San Diego,4 Nights,"Catalina Island, California | Ensenada, Mexico","₹1,39,377",2 Guests,18,,No
3-Night Bahamian Cruise from Fort Lauderdale,Guaranteed with Restrictions,Fort Lauderdale,3 Nights,Disney Lookout Cay at Lighthouse Point,"₹1,40,402",2 Guests,3,,No
4-Night Baja Cruise from San Diego,Guaranteed with Restrictions,San Diego,4 Nights,"Ensenada, Mexico","₹1,46,093",2 Guests,1,Very Merrytime,Yes
3-Night Bahamian Cruise from Fort Lauderdale,Guaranteed with Restrictions,Fort Lauderdale,3 Nights,"Disney Lookout Cay at Lighthouse Point | Nassau, Bahamas","₹1,47,763",2 Guests,9,Very Merrytime,Yes
4-Night Baja Cruise from San Diego,Guaranteed with Restrictions,San Diego,4 Nights,"Catalina Island, California | Ensenada, Mexico","₹1,48,863",2 Guests,6,Very Merrytime,Yes
4-Night Baja Cruise from San Diego,Guaranteed with Restrictions,San Diego,4 Nights,"Ensenada, Mexico","₹1,49,175",2 Guests,1,Halloween on the High Seas,Yes
3-Night Baja Cruise from San Diego,Guaranteed with Restrictions,San Diego,3 Nights,"Ensenada, Mexico","₹1,53,992",2 Guests,8,Halloween on the High Seas,Yes
4-Night Pacific Coast Cruise from San Diego ending in Vancouver,,San Diego ending in Vancouver,4 Nights,"Vancouver (British Columbia), Canada","₹1,59,577",2 Guests,3,,No
3-Night Bahamian Cruise from Fort Lauderdale,,Fort Lauderdale,3 Nights,"Disney Lookout Cay at Lighthouse Point | Nassau, Bahamas","₹1,59,983",2 Guests,26,,No
4-Night Pacific Coast Cruise from Vancouver ending in San Diego,,Vancouver ending in San Diego,4 Nights,"San Diego, California","₹1,65,279",2 Guests,2,,No
4-Night Western Caribbean Cruise from Galveston,Guaranteed with Restrictions,Galveston,4 Nights,"Progreso, Mexico","₹1,65,871",2 Guests,5,Very Merrytime,Yes
5-Night Mexican Riviera Cruise from San Diego,Guaranteed with Restrictions,San Diego,5 Nights,"Cabo San Lucas, Mexico | Ensenada, Mexico","₹1,67,121",2 Guests,4,Halloween on the High Seas,Yes
3-Night Bahamian Cruise from Port Canaveral,Guaranteed with Restrictions,Port Canaveral,3 Nights,"Nassau, Bahamas | Disney Castaway Cay","₹1,68,575",2 Guests,56,,No
4-Night Bahamian Cruise from Fort Lauderdale,Guaranteed with Restrictions,Fort Lauderdale,4 Nights,"Nassau, Bahamas | Disney Lookout Cay at Lighthouse Point","₹1,69,726",2 Guests,4,Halloween on the High Seas,Yes
4-Night Western Caribbean Cruise from Galveston,,Galveston,4 Nights,"Progreso, Mexico","₹1,74,663",2 Guests,13,,No
4-Night Bahamian Cruise from Fort Lauderdale,Guaranteed with Restrictions,Fort Lauderdale,4 Nights,Disney Lookout Cay at Lighthouse Point | Disney Castaway Cay,"₹1,75,328",2 Guests,2,Halloween on the High Seas,Yes
3-Night Bahamian Cruise from Fort Lauderdale,,Fort Lauderdale,3 Nights,"Disney Lookout Cay at Lighthouse Point | Nassau, Bahamas","₹1,77,817",2 Guests,4,Halloween on the High Seas,Yes
4-Night Bahamian Cruise from Fort Lauderdale,Guaranteed with Restrictions,Fort Lauderdale,4 Nights,Disney Lookout Cay at Lighthouse Point | Disney Castaway Cay,"₹1,78,410",2 Guests,8,Very Merrytime,Yes
4-Night Bahamian Cruise from Fort Lauderdale,Guaranteed with Restrictions,Fort Lauderdale,4 Nights,"Disney Lookout Cay at Lighthouse Point | Nassau, Bahamas","₹1,80,514",2 Guests,22,,No
5-Night Mexican Riviera Cruise from San Diego,Guaranteed with Restrictions,San Diego,5 Nights,"Cabo San Lucas, Mexico | Ensenada, Mexico","₹1,81,570",2 Guests,2,Very Merrytime,Yes
3-Night Bahamian Cruise from Port Canaveral,Guaranteed with Restrictions,Port Canaveral,3 Nights,"Nassau, Bahamas | Disney Castaway Cay","₹1,81,868",2 Guests,13,Very Merrytime,Yes
4-Night Bahamian Cruise from Fort Lauderdale,Guaranteed with Restrictions,Fort Lauderdale,4 Nights,Disney Castaway Cay | Disney Lookout Cay at Lighthouse Point,"₹1,82,263",2 Guests,15,,No
4-Night Baja Cruise from San Diego,,San Diego,4 Nights,"Catalina Island, California | Ensenada, Mexico","₹1,83,856",2 Guests,5,Halloween on the High Seas,Yes
3-Night Bahamian Cruise from Port Canaveral,Guaranteed with Restrictions,Port Canaveral,3 Nights,"Nassau, Bahamas | Disney Castaway Cay","₹1,88,151",2 Guests,12,Halloween on the High Seas,Yes
6-Night Mexican Riviera Cruise from San Diego,Guaranteed with Restrictions,San Diego,6 Nights,"Ensenada, Mexico | Cabo San Lucas, Mexico","₹1,91,973",2 Guests,1,Very Merrytime,Yes
4-Night Bahamian Cruise from Port Canaveral,Guaranteed with Restrictions,Port Canaveral,4 Nights,Disney Castaway Cay | Disney Lookout Cay at Lighthouse Point,"₹1,92,331",2 Guests,15,Halloween on the High Seas,Yes
5-Night Western Caribbean Cruise from Galveston,Guaranteed with Restrictions,Galveston,5 Nights,"Cozumel, Mexico | Progreso, Mexico","₹1,94,603",2 Guests,9,Very Merrytime,Yes
6-Night Mexican Riviera Cruise from San Diego,Guaranteed with Restrictions,San Diego,6 Nights,"Cabo San Lucas, Mexico | Ensenada, Mexico","₹1,95,441",2 Guests,4,Halloween on the High Seas,Yes
3-Night Bahamian Cruise from Fort Lauderdale,,Fort Lauderdale,3 Nights,Disney Lookout Cay at Lighthouse Point,"₹1,99,931",2 Guests,1,Halloween on the High Seas,Yes
3-Night Bahamian Cruise from Port Canaveral,,Port Canaveral,3 Nights,Disney Castaway Cay,"₹2,00,528",2 Guests,6,,No
4-Night Bahamian Cruise from Port Canaveral,Guaranteed with Restrictions,Port Canaveral,4 Nights,"Nassau, Bahamas | Disney Castaway Cay","₹2,01,124",2 Guests,36,,No
4-Night Western Caribbean Cruise from Galveston,,Galveston,4 Nights,"Progreso, Mexico","₹2,03,062",2 Guests,3,Marvel Days at Sea,No
4-Night Bahamian Cruise from Fort Lauderdale,,Fort Lauderdale,4 Nights,"Disney Castaway Cay | Nassau, Bahamas","₹2,10,340",2 Guests,16,,No
4-Night Bahamian Cruise from Port Canaveral,Guaranteed with Restrictions,Port Canaveral,4 Nights,Disney Castaway Cay | Disney Lookout Cay at Lighthouse Point,"₹2,11,596",2 Guests,14,Very Merrytime,Yes
4-Night Bahamian Cruise from Port Canaveral,Guaranteed with Restrictions,Port Canaveral,4 Nights,"Nassau, Bahamas | Disney Castaway Cay","₹2,13,453",2 Guests,4,Very Merrytime,Yes
5-Night Baja Cruise from San Diego,,San Diego,5 Nights,"Catalina Island, California | Ensenada, Mexico","₹2,13,993",2 Guests,4,,No
4-Night Bahamian Cruise from Fort Lauderdale,Guaranteed with Restrictions,Fort Lauderdale,4 Nights,"Nassau, Bahamas | Disney Castaway Cay","₹2,14,397",2 Guests,1,Halloween on the High Seas,Yes
5-Night Baja Cruise from San Diego,,San Diego,5 Nights,"Catalina Island, California | Ensenada, Mexico","₹2,17,570",2 Guests,2,Very Merrytime,Yes
5-Night Western Caribbean Cruise from Galveston,,Galveston,5 Nights,"Cozumel, Mexico | Progreso, Mexico","₹2,19,589",2 Guests,14,,No
4-Night Bahamian Cruise from Port Canaveral,,Port Canaveral,4 Nights,"Nassau, Bahamas | Disney Lookout Cay at Lighthouse Point","₹2,19,611",2 Guests,15,,No
5-Night Mexican Riviera Cruise from San Diego,,San Diego,5 Nights,"Cabo San Lucas, Mexico | Ensenada, Mexico","₹2,19,990",2 Guests,2,,No
5-Night Western Caribbean Cruise from Galveston,,Galveston,5 Nights,"Cozumel, Mexico | Progreso, Mexico","₹2,21,683",2 Guests,5,Marvel Days at Sea,No
5-Night Baja Cruise from San Diego,,San Diego,5 Nights,"Catalina Island, California | Ensenada, Mexico","₹2,23,625",2 Guests,1,Halloween on the High Seas,Yes
4-Night Bahamian Cruise from Port Canaveral,Guaranteed with Restrictions,Port Canaveral,4 Nights,"Nassau, Bahamas | Disney Castaway Cay","₹2,25,910",2 Guests,2,Halloween on the High Seas,Yes
3-Night Bahamian Cruise from Port Canaveral,Guaranteed with Restrictions,Port Canaveral,3 Nights,Disney Castaway Cay,"₹2,25,958",2 Guests,3,Very Merrytime,Yes
5-Night Western Caribbean Cruise from Galveston,,Galveston,5 Nights,"Progreso, Mexico","₹2,28,605",2 Guests,1,,No
5-Night Bahamian Cruise from Port Canaveral,Guaranteed with Restrictions,Port Canaveral,5 Nights,"Disney Castaway Cay | Disney Lookout Cay at Lighthouse Point | Nassau, Bahamas","₹2,35,044",2 Guests,9,Halloween on the High Seas,Yes
5-Night Bahamian Cruise from Port Canaveral,Guaranteed with Restrictions,Port Canaveral,5 Nights,"Disney Castaway Cay | Nassau, Bahamas | Disney Lookout Cay at Lighthouse Point","₹2,35,044",2 Guests,36,,No
3-Night Bahamian Cruise from Fort Lauderdale,,Fort Lauderdale,3 Nights,Disney Castaway Cay,"₹2,37,498",2 Guests,1,,No
4-Night Bahamian Cruise from Fort Lauderdale,Guaranteed with Restrictions,Fort Lauderdale,4 Nights,"Nassau, Bahamas | Disney Castaway Cay","₹2,40,598",2 Guests,1,Very Merrytime,Yes
4-Night Bahamian Cruise from Fort Lauderdale,Guaranteed with Restrictions,Fort Lauderdale,4 Nights,"Disney Lookout Cay at Lighthouse Point | Nassau, Bahamas","₹2,41,392",2 Guests,4,Very Merrytime,Yes
5-Night Western Caribbean Cruise from Fort Lauderdale,Guaranteed with Restrictions,Fort Lauderdale,5 Nights,"Disney Castaway Cay | Cozumel, Mexico","₹2,42,031",2 Guests,16,,No
7-Night Mexican Riviera Cruise from San Diego,Guaranteed with Restrictions,San Diego,7 Nights,"Ensenada, Mexico | Cabo San Lucas, Mexico | Puerto Vallarta, Mexico","₹2,43,415",2 Guests,2,Halloween on the High Seas,Yes
5-Night Western Caribbean Cruise from Fort Lauderdale,Guaranteed with Restrictions,Fort Lauderdale,5 Nights,"Cozumel, Mexico | Disney Castaway Cay","₹2,43,950",2 Guests,4,Halloween on the High Seas,Yes
4-Night Bahamian Cruise from Port Canaveral,Guaranteed with Restrictions,Port Canaveral,4 Nights,Disney Lookout Cay at Lighthouse Point | Disney Castaway Cay,"₹2,45,289",2 Guests,31,,No
4-Night Eastern Caribbean Cruise from Fort Lauderdale ending in San Juan,,Fort Lauderdale ending in San Juan,4 Nights,"Disney Castaway Cay | Disney Lookout Cay at Lighthouse Point | San Juan, Puerto Rico","₹2,48,913",2 Guests,1,,No
6-Night Mexican Riviera Cruise from San Diego,,San Diego,6 Nights,"Cabo San Lucas, Mexico | Ensenada, Mexico","₹2,50,978",2 Guests,2,,No
4-Night Eastern Caribbean Cruise from San Juan ending in Port Canaveral,,San Juan ending in Port Canaveral,4 Nights,"Disney Lookout Cay at Lighthouse Point | Disney Castaway Cay | Port Canaveral, Florida","₹2,52,554",2 Guests,2,,No
5-Night Western Caribbean Cruise from Port Canaveral,Guaranteed with Restrictions,Port Canaveral,5 Nights,"Disney Castaway Cay | Cozumel, Mexico","₹2,58,563",2 Guests,6,Very Merrytime,Yes
5-Night Bahamian Cruise from Port Canaveral,Guaranteed with Restrictions,Port Canaveral,5 Nights,"Disney Castaway Cay | Disney Lookout Cay at Lighthouse Point | Nassau, Bahamas","₹2,59,125",2 Guests,4,Very Merrytime,Yes
5-Night Eastern Caribbean Cruise from Port Canaveral ending San Juan,,Port Canaveral ending San Juan,5 Nights,"Disney Castaway Cay | Disney Lookout Cay at Lighthouse Point | St. Thomas, U.S. Virgin Islands | San Juan, Puerto Rico","₹2,60,454",2 Guests,1,Very Merrytime,Yes
5-Night Eastern Caribbean Cruise from San Juan ending in Fort Lauderdale,,San Juan ending in Fort Lauderdale,5 Nights,"St. Thomas, U.S. Virgin Islands | Disney Lookout Cay at Lighthouse Point | Disney Castaway Cay | Fort Lauderdale, Florida","₹2,61,622",2 Guests,1,Very Merrytime,Yes
5-Night Bahamian Cruise from Fort Lauderdale,Guaranteed with Restrictions,Fort Lauderdale,5 Nights,"Nassau, Bahamas | Disney Lookout Cay at Lighthouse Point | Disney Castaway Cay","₹2,64,385",2 Guests,15,,No
5-Night Bahamian Cruise from Fort Lauderdale,Guaranteed with Restrictions,Fort Lauderdale,5 Nights,"Disney Lookout Cay at Lighthouse Point | Disney Castaway Cay | Nassau, Bahamas","₹2,71,127",2 Guests,4,Very Merrytime,Yes
5-Night Western Caribbean Cruise from Port Canaveral,,Port Canaveral,5 Nights,"Disney Castaway Cay | Cozumel, Mexico","₹2,72,595",2 Guests,5,,No
5-Night Western Caribbean from Port Canaveral,,Port Canaveral,5 Nights,"Disney Castaway Cay | Cozumel, Mexico","₹2,88,905",2 Guests,1,Pixar Days at Sea,No
3-Night Bahamian Cruise from Fort Lauderdale,,Fort Lauderdale,3 Nights,"Disney Castaway Cay | Nassau, Bahamas","₹2,91,639",2 Guests,1,,No
7-Night Bahamian Cruise from Galveston,,Galveston,7 Nights,Disney Lookout Cay at Lighthouse Point | Disney Castaway Cay,"₹2,97,888",2 Guests,2,,No
7-Night Mexican Riviera Cruise from San Diego,,San Diego,7 Nights,"Ensenada, Mexico | Cabo San Lucas, Mexico | Mazatlán, Mexico","₹2,98,806",2 Guests,1,,No
7-Night Mexican Riviera Cruise from San Diego,,San Diego,7 Nights,"Ensenada, Mexico | Cabo San Lucas, Mexico | Puerto Vallarta, Mexico","₹2,98,871",2 Guests,6,,No
4-Night Bahamian Cruise from Port Canaveral,,Port Canaveral,4 Nights,"Nassau, Bahamas | Disney Lookout Cay at Lighthouse Point","₹3,01,088",2 Guests,1,Very Merrytime,Yes
5-Night Western Caribbean Cruise from Port Canaveral,,Port Canaveral,5 Nights,"Disney Castaway Cay | Cozumel, Mexico","₹3,02,872",2 Guests,1,Halloween on the High Seas,Yes
7-Night Bahamian Cruise from Galveston,,Galveston,7 Nights,"Nassau, Bahamas | Disney Castaway Cay","₹3,03,013",2 Guests,2,Marvel Days at Sea,No
3-Night Bahamian Cruise from Fort Lauderdale,,Fort Lauderdale,3 Nights,Disney Lookout Cay at Lighthouse Point,"₹3,03,836",2 Guests,1,Very Merrytime,Yes
7-Night Eastern Caribbean Cruise from Fort Lauderdale,Guaranteed with Restrictions,Fort Lauderdale,7 Nights,"Disney Lookout Cay at Lighthouse Point | San Juan, Puerto Rico | Tortola, British Virgin Islands","₹3,06,554",2 Guests,2,,No
7-Night Mexican Riviera Cruise from San Diego,,San Diego,7 Nights,"Ensenada, Mexico | Cabo San Lucas, Mexico | Puerto Vallarta, Mexico","₹3,07,276",2 Guests,2,Very Merrytime,Yes
5-Night Bahamian Cruise from Port Canaveral,,Port Canaveral,5 Nights,Disney Castaway Cay | Disney Lookout Cay at Lighthouse Point,"₹3,09,290",2 Guests,1,Pixar Days at Sea,No
6-Night Eastern Caribbean Cruise from San Juan ending in Port Canaveral,,San Juan ending in Port Canaveral,6 Nights,"Philipsburg, St. Maarten | St. Thomas, U.S. Virgin Islands | Disney Lookout Cay at Lighthouse Point | Disney Castaway Cay | Port Canaveral, Florida","₹3,10,711",2 Guests,1,,No
6-Night Bahamian Cruise from Fort Lauderdale,,Fort Lauderdale,6 Nights,"Disney Lookout Cay at Lighthouse Point | Disney Castaway Cay | Disney Lookout Cay at Lighthouse Point | Nassau, Bahamas","₹3,12,896",2 Guests,1,,No
6-Night Eastern Caribbean Cruise from Fort Lauderdale,,Fort Lauderdale,6 Nights,"Disney Castaway Cay | Disney Lookout Cay at Lighthouse Point | Puerto Plata, Dominican Republic","₹3,14,921",2 Guests,4,,No
6-Night Eastern Caribbean Cruise from Fort Lauderdale ending San Juan,,Fort Lauderdale ending San Juan,6 Nights,"Disney Castaway Cay | Disney Lookout Cay at Lighthouse Point | St. Thomas, U.S. Virgin Islands | Philipsburg, St. Maarten | San Juan, Puerto Rico","₹3,17,741",2 Guests,1,,No
5-Night Bahamian Cruise from Port Canaveral,,Port Canaveral,5 Nights,"Nassau, Bahamas | Disney Castaway Cay | Disney Lookout Cay at Lighthouse Point","₹3,20,485",2 Guests,7,Pixar Days at Sea,No
3-Night Belgium Cruise from Southampton,,Southampton,3 Nights,"Zeebrugge (Brussels), Belgium","₹3,22,690",2 Guests,1,,No
3-Night Northern Europe Cruise from Southampton,,Southampton,3 Nights,"Rotterdam (Amsterdam), Netherlands","₹3,23,927",2 Guests,1,,No
7-Night Alaskan Cruise from Vancouver,,Vancouver,7 Nights,"Glacier Viewing (Stikine Icecap), Alaska | Skagway, Alaska | Icy Strait Point, Alaska | Ketchikan, Alaska","₹3,27,058",2 Guests,16,,No
5-Night Bahamian Cruise from Fort Lauderdale,,Fort Lauderdale,5 Nights,"Nassau, Bahamas | Disney Castaway Cay | Disney Lookout Cay at Lighthouse Point","₹3,29,755",2 Guests,3,Halloween on the High Seas,Yes
7-Night Western Caribbean Cruise from Port Canaveral,Guaranteed with Restrictions,Port Canaveral,7 Nights,"Cozumel, Mexico | George Town, Grand Cayman | Falmouth, Jamaica | Disney Castaway Cay","₹3,31,344",2 Guests,6,Halloween on the High Seas,Yes
7-Night Western Caribbean Cruise from Fort Lauderdale,Guaranteed with Restrictions,Fort Lauderdale,7 Nights,"Disney Lookout Cay at Lighthouse Point | Falmouth, Jamaica | George Town, Grand Cayman | Cozumel, Mexico","₹3,40,798",2 Guests,1,Halloween on the High Seas,Yes
7-Night Western Caribbean Cruise from Port Canaveral,Guaranteed with Restrictions,Port Canaveral,7 Nights,"Cozumel, Mexico | George Town, Grand Cayman | Falmouth, Jamaica | Disney Castaway Cay","₹3,41,154",2 Guests,27,,No
5-Night Bahamian Cruise from Port Canaveral,,Port Canaveral,5 Nights,"Nassau, Bahamas | Disney Lookout Cay at Lighthouse Point","₹3,41,622",2 Guests,1,Very Merrytime,Yes
5-Night Bahamian Cruise from Port Canaveral with 2 Stops at Castaway Cay,,Port Canaveral with 2 Stops at Castaway Cay,5 Nights,Disney Castaway Cay | Disney Lookout Cay at Lighthouse Point | Disney Castaway Cay,"₹3,42,487",2 Guests,4,,No
5-Night Bahamian Cruise from Fort Lauderdale,Guaranteed with Restrictions,Fort Lauderdale,5 Nights,"Nassau, Bahamas | Disney Castaway Cay","₹3,47,134",2 Guests,1,Very Merrytime,Yes
7-Night Western Caribbean Cruise from Port Canaveral,Guaranteed with Restrictions,Port Canaveral,7 Nights,"Cozumel, Mexico | George Town, Grand Cayman | Falmouth, Jamaica | Disney Castaway Cay","₹3,47,527",2 Guests,6,Very Merrytime,Yes
7-Night Eastern Caribbean Cruise from Port Canaveral,Guaranteed with Restrictions,Port Canaveral,7 Nights,"Tortola, British Virgin Islands | St. Thomas, U.S. Virgin Islands | Disney Castaway Cay","₹3,47,824",2 Guests,5,Halloween on the High Seas,Yes
5-Night Bahamian Cruise from Fort Lauderdale,,Fort Lauderdale,5 Nights,Disney Castaway Cay | Disney Lookout Cay at Lighthouse Point,"₹3,48,365",2 Guests,2,,No
4-Night Bahamian Cruise from Port Canaveral,Guaranteed with Restrictions,Port Canaveral,4 Nights,Disney Lookout Cay at Lighthouse Point,"₹3,49,369",2 Guests,1,Very Merrytime,Yes
5-Night Bermuda Cruise from New York ending in San Juan,,New York ending in San Juan,5 Nights,"King's Wharf, Bermuda | King's Wharf, Bermuda | San Juan, Puerto Rico","₹3,51,341",2 Guests,1,Halloween on the High Seas,Yes
7-Night Eastern Caribbean Cruise from Port Canaveral,Guaranteed with Restrictions,Port Canaveral,7 Nights,"Tortola, British Virgin Islands | San Juan, Puerto Rico | Disney Castaway Cay","₹3,51,365",2 Guests,4,,No
6-Night Alaskan Cruise from Vancouver,,Vancouver,6 Nights,"Glacier Viewing (Stikine Icecap), Alaska | Icy Strait Point, Alaska | Ketchikan, Alaska","₹3,55,736",2 Guests,1,,No
7-Night Bahamian Cruise from Galveston,Guaranteed with Restrictions,Galveston,7 Nights,"Nassau, Bahamas | Disney Castaway Cay","₹3,58,304",2 Guests,3,,No
7-Night Eastern Caribbean Cruise from Fort Lauderdale,Guaranteed with Restrictions,Fort Lauderdale,7 Nights,"Disney Lookout Cay at Lighthouse Point | San Juan, Puerto Rico | Puerto Plata, Dominican Republic | Disney Castaway Cay","₹3,59,323",2 Guests,1,Very Merrytime,Yes
7-Night Eastern Caribbean Cruise from Fort Lauderdale,,Fort Lauderdale,7 Nights,"Disney Lookout Cay at Lighthouse Point | St. Thomas, U.S. Virgin Islands | Philipsburg, St. Maarten","₹3,59,623",2 Guests,2,,No
7-Night Eastern Caribbean Cruise from Port Canaveral,Guaranteed with Restrictions,Port Canaveral,7 Nights,"Tortola, British Virgin Islands | St. Thomas, U.S. Virgin Islands | Disney Castaway Cay","₹3,60,001",2 Guests,25,,No
4-Night Spain Cruise from Southampton,,Southampton,4 Nights,"Bilbao, Spain","₹3,62,203",2 Guests,1,,No
4-Night Spain Cruise from Southampton,,Southampton,4 Nights,"La Coruña, Spain","₹3,64,447",2 Guests,2,,No
7-Night Eastern Caribbean Cruise from Fort Lauderdale,Guaranteed with Restrictions,Fort Lauderdale,7 Nights,"Disney Lookout Cay at Lighthouse Point | Disney Castaway Cay | San Juan, Puerto Rico | Puerto Plata, Dominican Republic","₹3,64,717",2 Guests,1,Halloween on the High Seas,Yes
7-Night Alaskan Cruise from Vancouver,,Vancouver,7 Nights,"Glacier Viewing (Stikine Icecap), Alaska | Skagway, Alaska | Juneau, Alaska | Ketchikan, Alaska","₹3,67,503",2 Guests,19,,No
7-Night Mexican Riviera Cruise from San Diego,Guaranteed with Restrictions,San Diego,7 Nights,"Mazatlán, Mexico | Cabo San Lucas, Mexico | Ensenada, Mexico","₹3,68,599",2 Guests,1,Very Merrytime,Yes
7-Night Eastern Caribbean Cruise from Port Canaveral,Guaranteed with Restrictions,Port Canaveral,7 Nights,"St. Thomas, U.S. Virgin Islands | Tortola, British Virgin Islands | Disney Castaway Cay","₹3,69,401",2 Guests,4,Very Merrytime,Yes
7-Night Eastern Caribbean Cruise from Fort Lauderdale,,Fort Lauderdale,7 Nights,"Disney Lookout Cay at Lighthouse Point | San Juan, Puerto Rico | St. Thomas, U.S. Virgin Islands | Disney Castaway Cay","₹3,71,843",2 Guests,1,,No
7-Night Eastern Caribbean Cruise from Fort Lauderdale,,Fort Lauderdale,7 Nights,"Disney Lookout Cay at Lighthouse Point | San Juan, Puerto Rico | Philipsburg, St. Maarten","₹3,71,892",2 Guests,3,,No
7-Night Eastern Caribbean Cruise from Fort Lauderdale,Guaranteed with Restrictions,Fort Lauderdale,7 Nights,"Disney Lookout Cay at Lighthouse Point | San Juan, Puerto Rico | Philipsburg, St. Maarten","₹3,82,208",2 Guests,1,Very Merrytime,Yes
7-Night Bahamian Cruise from Fort Lauderdale with 2 stops at Castaway Cay,,Fort Lauderdale with 2 stops at Castaway Cay,7 Nights,"Disney Lookout Cay at Lighthouse Point | Disney Castaway Cay | Nassau, Bahamas | Disney Castaway Cay","₹3,86,288",2 Guests,1,Very Merrytime,Yes
7-Night Southern Caribbean Cruise from San Juan,,San Juan,7 Nights,"Bridgetown, Barbados | Castries, St. Lucia | Roseau, Dominica | St. John's, Antigua","₹4,01,716",2 Guests,1,,No
6-Night Western Caribbean Cruise from Port Canaveral,,Port Canaveral,6 Nights,"Cozumel, Mexico | George Town, Grand Cayman | Disney Castaway Cay","₹4,03,032",2 Guests,1,,No
7-Night Southern Caribbean Cruise from San Juan,,San Juan,7 Nights,"Oranjestad, Aruba | Willemstad, Curaçao | Roseau, Dominica | St. John's, Antigua","₹4,03,430",2 Guests,1,Very Merrytime,Yes
6-Night Bahamian Cruise from Port Canaveral with 2 Stops at Castaway Cay,,Port Canaveral with 2 Stops at Castaway Cay,6 Nights,"Disney Castaway Cay | Disney Lookout Cay at Lighthouse Point | Nassau, Bahamas | Disney Castaway Cay","₹4,09,464",2 Guests,1,,No
6-Night Bahamian Cruise from Fort Lauderdale,,Fort Lauderdale,6 Nights,Disney Castaway Cay | Disney Lookout Cay at Lighthouse Point | Disney Castaway Cay,"₹4,21,601",2 Guests,1,Very Merrytime,Yes
7-Night Eastern Caribbean Cruise from Fort Lauderdale,,Fort Lauderdale,7 Nights,"Disney Lookout Cay at Lighthouse Point | San Juan, Puerto Rico | St. John's, Antigua","₹4,40,215",2 Guests,2,,No
7-Night Southern Caribbean Cruise from San Juan,,San Juan,7 Nights,"Oranjestad, Aruba | Kralendijk, Bonaire | Willemstad, Curaçao | Philipsburg, St. Maarten","₹4,42,357",2 Guests,1,,No
5-Night Bahamian Cruise from Fort Lauderdale,,Fort Lauderdale,5 Nights,"Nassau, Bahamas | Disney Lookout Cay at Lighthouse Point","₹4,71,997",2 Guests,1,Very Merrytime,Yes
7-Night Southern Caribbean Cruise from San Juan,,San Juan,7 Nights,"Oranjestad, Aruba | Kralendijk, Bonaire | Roseau, Dominica | Philipsburg, St. Maarten","₹4,74,875",2 Guests,1,,No
7-Night Eastern Caribbean Cruise from Fort Lauderdale,,Fort Lauderdale,7 Nights,"Philipsburg, St. Maarten | San Juan, Puerto Rico | Disney Castaway Cay","₹4,75,615",2 Guests,1,,No
6-Night Bahamian Cruise from Fort Lauderdale with 2 Stops at Castaway Cay,,Fort Lauderdale with 2 Stops at Castaway Cay,6 Nights,"Disney Lookout Cay at Lighthouse Point | Disney Castaway Cay | Nassau, Bahamas | Disney Castaway Cay","₹4,75,840",2 Guests,1,Very Merrytime,Yes
14-Night Eastbound Panama Canal Cruise from San Diego ending in Galveston,,San Diego ending in Galveston,14 Nights,"Cabo San Lucas, Mexico | Puerto Vallarta, Mexico | Panama Canal | Cartagena, Colombia | George Town, Grand Cayman | Galveston, Texas","₹4,77,221",2 Guests,1,,No
14-Night Westbound Panama Canal Cruise from Galveston ending in San Diego,,Galveston ending in San Diego,14 Nights,"Cartagena, Colombia | Colón, Panama | Panama Canal | Cabo San Lucas, Mexico | Ensenada, Mexico | San Diego, California","₹4,87,586",2 Guests,1,,No
7-Night Bahamian Cruise from Galveston,,Galveston,7 Nights,"Disney Lookout Cay at Lighthouse Point | Nassau, Bahamas","₹5,02,578",2 Guests,1,Very Merrytime,Yes
5-Night Canada & New England Cruise from New York,,New York,5 Nights,"Saint John (New Brunswick), Canada | Boston, Massachusetts","₹5,10,554",2 Guests,1,Halloween on the High Seas,Yes
5-Night Spain Cruise from Southampton,,Southampton,5 Nights,"La Coruña, Spain | Bilbao, Spain","₹5,12,421",2 Guests,1,,No
14-Night Eastbound Panama Canal Cruise from San Diego ending in Galveston,,San Diego ending in Galveston,14 Nights,"Cabo San Lucas, Mexico | Puerto Vallarta, Mexico | Fuerte Amador (Panama City), Panama | Panama Canal | Cartagena, Colombia | Galveston, Texas","₹5,20,256",2 Guests,1,,No
8-Night Alaskan Cruise from Vancouver,,Vancouver,8 Nights,"Glacier Viewing (Stikine Icecap), Alaska | Skagway, Alaska | Icy Strait Point, Alaska | Sitka, Alaska | Ketchikan, Alaska","₹5,20,971",2 Guests,1,,No
6-Night Bermuda & Canada Cruise from New York,,New York,6 Nights,"King's Wharf, Bermuda | Halifax (Nova Scotia), Canada","₹5,21,373",2 Guests,1,Halloween on the High Seas,Yes
5-Night Spain Cruise from Southampton,,Southampton,5 Nights,"Vigo, Spain | La Coruña, Spain","₹5,23,252",2 Guests,1,,No
7-Night Mexican Riviera Cruise from San Diego,,San Diego,7 Nights,"Cabo San Lucas, Mexico | Puerto Vallarta, Mexico | Mazatlán, Mexico","₹5,26,396",2 Guests,1,Very Merrytime,Yes
7-Night Western Caribbean Cruise from Fort Lauderdale,,Fort Lauderdale,7 Nights,"George Town, Grand Cayman | Falmouth, Jamaica | Disney Lookout Cay at Lighthouse Point | Nassau, Bahamas","₹5,31,160",2 Guests,1,,No
7-Night Eastern Caribbean Cruise from Fort Lauderdale,,Fort Lauderdale,7 Nights,"Disney Lookout Cay at Lighthouse Point | Disney Castaway Cay | Puerto Plata, Dominican Republic | Nassau, Bahamas","₹5,33,285",2 Guests,1,,No
5-Night Bahamian Cruise from Fort Lauderdale,,Fort Lauderdale,5 Nights,Disney Lookout Cay at Lighthouse Point | Disney Castaway Cay,"₹5,44,692",2 Guests,1,Very Merrytime,Yes
8-Night Eastern Caribbean Cruise from Fort Lauderdale,,Fort Lauderdale,8 Nights,"Disney Lookout Cay at Lighthouse Point | San Juan, Puerto Rico | St. John's, Antigua | Philipsburg, St. Maarten","₹5,52,937",2 Guests,1,,No
7-Night Mexican Riviera Cruise from San Diego,,San Diego,7 Nights,"Mazatlán, Mexico | Puerto Vallarta, Mexico","₹5,53,642",2 Guests,1,,No
5-Night Bermuda Cruise from New York,,New York,5 Nights,"King's Wharf, Bermuda | King's Wharf, Bermuda","₹5,59,663",2 Guests,1,Halloween on the High Seas,Yes
7-Night Eastern Caribbean Cruise from Port Canaveral,,Port Canaveral,7 Nights,"Philipsburg, St. Maarten | St. Thomas, U.S. Virgin Islands | Disney Castaway Cay","₹5,60,755",2 Guests,1,,No
7-Night Western Caribbean Cruise from Fort Lauderdale,,Fort Lauderdale,7 Nights,"Disney Lookout Cay at Lighthouse Point | Falmouth, Jamaica | George Town, Grand Cayman | Cozumel, Mexico","₹5,73,973",2 Guests,1,,No
14-Night Westbound Panama Canal Cruise from Galveston ending in San Diego,,Galveston ending in San Diego,14 Nights,"Cozumel, Mexico | Cartagena, Colombia | Panama Canal | Cabo San Lucas, Mexico | Ensenada, Mexico | San Diego, California","₹5,79,980",2 Guests,1,,No
6-Night Western Europe Cruise from Barcelona ending in Southampton,,Barcelona ending in Southampton,6 Nights,"Gibraltar | Lisbon, Portugal | Vigo, Spain | Southampton, England","₹5,81,777",2 Guests,1,,No
7-Night Eastern Caribbean Cruise from Fort Lauderdale,,Fort Lauderdale,7 Nights,"Disney Lookout Cay at Lighthouse Point | Tortola, British Virgin Islands | Philipsburg, St. Maarten","₹6,19,288",2 Guests,1,Very Merrytime,Yes
7-Night Mediterranean Cruise from Barcelona,,Barcelona,7 Nights,"Palma de Mallorca, Spain | Naples (Pompeii), Italy | Civitavecchia (Rome), Italy | Livorno (Florence, Pisa), Italy","₹6,22,873",2 Guests,2,,No
7-Night Mediterranean Cruise from Barcelona,,Barcelona,7 Nights,"Naples (Pompeii), Italy | Civitavecchia (Rome), Italy | Livorno (Florence, Pisa), Italy | Genoa (Milan), Italy","₹6,23,010",2 Guests,1,,No
7-Night British Isles Cruise from Southampton,,Southampton,7 Nights,"Greenock (Glasgow & Edinburgh), Scotland | Liverpool, England | Belfast, Northern Ireland | Portland (Stonehenge), England","₹6,25,622",2 Guests,1,,No
8-Night Bermuda Cruise from Fort Lauderdale,,Fort Lauderdale,8 Nights,"King's Wharf, Bermuda | King's Wharf, Bermuda | Disney Lookout Cay at Lighthouse Point | Disney Castaway Cay","₹6,36,143",2 Guests,1,,No
7-Night Eastern Caribbean Cruise from Fort Lauderdale,,Fort Lauderdale,7 Nights,"Disney Castaway Cay | Disney Lookout Cay at Lighthouse Point | San Juan, Puerto Rico | Puerto Plata, Dominican Republic","₹6,41,216",2 Guests,2,,No
7-Night Eastern Caribbean Cruise from Port Canaveral,,Port Canaveral,7 Nights,"Tortola, British Virgin Islands | San Juan, Puerto Rico | Disney Castaway Cay","₹6,50,711",2 Guests,1,Very Merrytime,Yes
7-Night Northern Europe Cruise from Southampton,,Southampton,7 Nights,"Rotterdam (Amsterdam), Netherlands | Kristiansand, Norway | Copenhagen, Denmark | Skagen, Denmark","₹6,68,736",2 Guests,1,,No
7-Night Western Caribbean Cruise from Port Canaveral,,Port Canaveral,7 Nights,"Disney Castaway Cay | Disney Lookout Cay at Lighthouse Point | Cozumel, Mexico","₹7,10,146",2 Guests,1,Very Merrytime,Yes
8-Night Mediterranean Cruise with Greek Isles from Civitavecchia (Rome),,Civitavecchia (Rome),8 Nights,"Chania, Greece | Santorini, Greece | Rhodes, Greece | Mykonos, Greece | Naples (Pompeii), Italy","₹7,22,900",2 Guests,1,,No
7-Night Southern Caribbean Cruise from San Juan,,San Juan,7 Nights,"Willemstad, Curaçao | Oranjestad, Aruba | St. John's, Antigua | Philipsburg, St. Maarten","₹7,45,919",2 Guests,1,,No
9-Night Mediterranean with Greek Isles Cruise from Barcelona ending in Civitavecchia (Rome),,Barcelona ending in Civitavecchia (Rome),9 Nights,"Valletta, Malta | Chania, Greece | Piraeus (Athens), Greece | Mykonos, Greece | Naples (Pompeii), Italy | Civitavecchia (Rome), Italy","₹7,49,695",2 Guests,1,,No
7-Night Norwegian Fjords Cruise from Southampton,,Southampton,7 Nights,"Kristiansand, Norway | Olden, Norway | Alesund, Norway | Haugesund, Norway","₹7,59,303",2 Guests,1,,No
7-Night Norwegian Fjords Cruise from Southampton,,Southampton,7 Nights,"Bergen, Norway | Hellesylt, Norway | Alesund, Norway | Stavanger, Norway","₹7,62,258",2 Guests,1,,No
7-Night Western Caribbean Cruise from Port Canaveral,,Port Canaveral,7 Nights,"Disney Castaway Cay | Falmouth, Jamaica | George Town, Grand Cayman","₹7,72,155",2 Guests,1,,No
8-Night Eastern Caribbean Cruise from Port Canaveral,,Port Canaveral,8 Nights,"Tortola, British Virgin Islands | St. Thomas, U.S. Virgin Islands | San Juan, Puerto Rico | Disney Castaway Cay","₹7,94,327",2 Guests,1,Very Merrytime,Yes
8-Night Adriatic Sea and Greece Cruise from Civitavecchia (Rome),,Civitavecchia (Rome),8 Nights,"Corfu, Greece | Trieste (Venice), Italy | Zadar, Croatia | Dubrovnik, Croatia","₹7,96,949",2 Guests,1,,No
10-Night Mediterranean with Greek Isles Cruise from Civitavecchia (Rome) ending in Barcelona,,Civitavecchia (Rome) ending in Barcelona,10 Nights,"Piraeus (Athens), Greece | Mykonos, Greece | Rhodes, Greece | Chania, Greece | Messina (Sicily), Italy | Barcelona, Spain","₹7,97,132",2 Guests,1,,No
10-Night Southern Caribbean Cruise from Port Canaveral,,Port Canaveral,10 Nights,"Philipsburg, St. Maarten | Castries, St. Lucia | St. John's, Antigua | San Juan, Puerto Rico | Disney Lookout Cay at Lighthouse Point | Disney Castaway Cay","₹8,16,384",2 Guests,1,,No
4-Night Bermuda Cruise from New York,,New York,4 Nights,"King's Wharf, Bermuda","₹24,83,273",2 Guests,1,,No
